{"cameraMode":{"drawMode":0,"name":"Shaded","section":"Shading Mode"},"sceneLighting":true,"audioPlay":false,"sceneViewState":{"showFog":true,"showMaterialUpdate":false,"showSkybox":true,"showFlares":true,"showImageEffects":true,"showParticleSystems":true},"in2DMode":false,"pivot":{"x":2.828986167907715,"y":0.7611552476882935,"z":-1.2023141384124756},"rotation":{"x":0.01722235605120659,"y":0.9816290736198425,"z":-0.10822749882936478,"w":0.1562008559703827},"size":6.909966945648193,"orthographic":false}