{"cameraMode":{"drawMode":0,"name":"Shaded","section":"Shading Mode"},"sceneLighting":true,"audioPlay":false,"sceneViewState":{"showFog":true,"showMaterialUpdate":false,"showSkybox":true,"showFlares":true,"showImageEffects":true,"showParticleSystems":true},"in2DMode":false,"pivot":{"x":3.101065158843994,"y":-1.798504114151001,"z":-21.46122932434082},"rotation":{"x":-0.012846910394728184,"y":-0.986627459526062,"z":0.09680721908807755,"w":-0.13070064783096314},"size":19.484100341796876,"orthographic":false}