{"cameraMode":{"drawMode":0,"name":"Shaded","section":"Shading Mode"},"sceneLighting":false,"audioPlay":false,"sceneViewState":{"showFog":true,"showMaterialUpdate":false,"showSkybox":false,"showFlares":true,"showImageEffects":true,"showParticleSystems":true},"in2DMode":false,"pivot":{"x":0.0,"y":0.8590937256813049,"z":-0.03153069317340851},"rotation":{"x":0.00050443469081074,"y":-0.9811220169067383,"z":-0.0026431079022586347,"w":-0.19348305463790894},"size":4.7039031982421879,"orthographic":false}