{"cameraMode":{"drawMode":0,"name":"Shaded","section":"Shading Mode"},"sceneLighting":true,"audioPlay":false,"sceneViewState":{"showFog":true,"showMaterialUpdate":false,"showSkybox":true,"showFlares":true,"showImageEffects":true,"showParticleSystems":true},"in2DMode":false,"pivot":{"x":0.0034668445587158205,"y":-0.11515593528747559,"z":0.2107905149459839},"rotation":{"x":-0.12760382890701295,"y":0.8623475432395935,"z":-0.2684665322303772,"w":-0.4098800718784332},"size":6.193233966827393,"orthographic":false}